{"accuracy": [0.3898550868034363, 0.5768116116523743, 0.7550724744796753, 0.7985507249832153, 0.852173924446106, 0.852173924446106, 0.8826087117195129, 0.9014492630958557, 0.9072463512420654, 0.9507246613502502, 0.9420289993286133, 0.9666666388511658, 0.9768115878105164, 0.9826086759567261, 0.9797101616859436, 0.9855072498321533, 0.9811594486236572, 0.9956521987915039, 0.991304337978363, 0.9942029118537903, 0.991304337978363, 0.9927536249160767, 0.9942029118537903, 0.9884058237075806, 0.9826086759567261, 0.97826087474823, 0.9869565367698669, 0.9884058237075806, 0.9971014261245728, 0.9971014261245728, 0.9985507130622864, 0.9985507130622864, 1.0, 1.0, 1.0, 0.9985507130622864, 1.0, 1.0, 1.0, 0.9985507130622864, 1.0, 1.0, 1.0, 1.0, 0.9942029118537903, 0.9840579628944397, 0.9840579628944397, 0.9971014261245728, 0.9971014261245728, 1.0], "val_accuracy": [0.2550724744796753, 0.18840579688549042, 0.1927536278963089, 0.18840579688549042, 0.1927536278963089, 0.2710144817829132, 0.3072463870048523, 0.17826086282730103, 0.20579710602760315, 0.17391304671764374, 0.17971014976501465, 0.18115942180156708, 0.17971014976501465, 0.17971014976501465, 0.17971014976501465, 0.1826086938381195, 0.18405796587467194, 0.20000000298023224, 0.37826088070869446, 0.3594202995300293, 0.5710144639015198, 0.6014492511749268, 0.7289854884147644, 0.7130434513092041, 0.9188405871391296, 0.8942028880119324, 0.9275362491607666, 0.8188405632972717, 0.9246376752853394, 0.9521738886833191, 0.960869550704956, 0.969565212726593, 0.9681159257888794, 0.95652174949646, 0.9579710364341736, 0.9550724625587463, 0.9579710364341736, 0.9637681245803833, 0.9666666388511658, 0.9739130139350891, 0.9739130139350891, 0.960869550704956, 0.9724637866020203, 0.9724637866020203, 0.97826087474823, 0.9362319111824036, 0.9449275135993958, 0.9449275135993958, 0.9666666388511658, 0.9681159257888794], "loss": [2.3509278608405073, 1.0009358162465303, 0.7428952481435693, 0.5627185883729354, 0.41357095086056256, 0.42324574291706085, 0.35727053265208786, 0.2987220293801764, 0.24577318099529846, 0.1611222832099251, 0.16562991945639902, 0.11904192019415938, 0.08853784462679988, 0.08220355261279189, 0.0827726349234581, 0.06421863514444102, 0.059031426501662834, 0.043167413090882095, 0.041783896517818386, 0.028472207405644913, 0.037435323141677225, 0.038657245772850256, 0.04154155379080254, 0.04412381340871039, 0.055639587201016104, 0.06602261037282321, 0.037002810368152415, 0.032121574668132744, 0.019920695168168648, 0.01551383244805038, 0.014776077344203773, 0.00885976123643796, 0.01062558361572092, 0.010101545283206455, 0.008812150168840004, 0.008477072808486611, 0.005873777685970392, 0.004614423596016739, 0.009979480295442045, 0.008327753105929689, 0.004527328644737439, 0.005650199274026343, 0.004565603843809146, 0.005165189360369644, 0.014041568749867703, 0.04659608657390851, 0.03802460843555467, 0.012029040326445323, 0.009469162870157996, 0.005059427133781593], "val_loss": [1.6095682382583618, 1.5687435865402222, 1.6829593181610107, 2.074092149734497, 1.996419906616211, 2.099363327026367, 2.3936314582824707, 2.428799867630005, 3.3504562377929688, 1.981372356414795, 4.047519207000732, 4.6032819747924805, 3.1308624744415283, 4.187985420227051, 3.5828254222869873, 3.9579451084136963, 2.4618546962738037, 3.040759801864624, 1.7173306941986084, 1.5302881002426147, 0.7542750239372253, 0.8992151021957397, 0.9231436848640442, 0.4292573034763336, 0.20282338559627533, 0.43942439556121826, 0.2827508747577667, 0.38960200548171997, 0.12053599208593369, 0.12444127351045609, 0.03936910629272461, 0.04067127779126167, 0.11711061745882034, 0.0525907464325428, 0.3679884374141693, 0.17091980576515198, 0.2499140053987503, 0.17397992312908173, 0.09872474521398544, 0.02482740394771099, 0.1713426411151886, 0.032166268676519394, 0.31161460280418396, 0.008798790164291859, 0.07620876282453537, 0.09220552444458008, 0.01937941648066044, 0.5570433139801025, 0.023849522694945335, 0.017619675025343895], "score": [0.02055501379072666, 0.9508771896362305],