{"accuracy": [0.365217387676239, 0.6159420013427734, 0.760869562625885, 0.834782600402832, 0.8782608509063721, 0.8768116235733032, 0.8999999761581421, 0.908695638179779, 0.9289855360984802, 0.917391300201416, 0.9536231756210327, 0.939130425453186, 0.9420289993286133, 0.9536231756210327, 0.9434782862663269, 0.9507246613502502, 0.95652174949646, 0.9666666388511658, 0.9550724625587463, 0.95652174949646, 0.9594202637672424, 0.9637681245803833, 0.9449275135993958, 0.9724637866020203, 0.9652174115180969, 0.9623188376426697, 0.9637681245803833, 0.9681159257888794, 0.9826086759567261, 0.9724637866020203, 0.9681159257888794, 0.9753623008728027, 0.9739130139350891, 0.9666666388511658, 0.9811594486236572, 0.969565212726593, 0.9681159257888794, 0.9840579628944397, 0.97826087474823, 0.9623188376426697, 0.9753623008728027, 0.9797101616859436, 0.9724637866020203, 0.9840579628944397, 0.9840579628944397, 0.9884058237075806, 0.9826086759567261, 0.97826087474823, 0.9797101616859436, 0.9840579628944397], "val_accuracy": [0.27826085686683655, 0.23333333432674408, 0.19565217196941376, 0.1927536278963089, 0.19420289993286133, 0.19130434095859528, 0.19130434095859528, 0.19420289993286133, 0.19420289993286133, 0.19420289993286133, 0.19130434095859528, 0.19565217196941376, 0.19565217196941376, 0.1927536278963089, 0.1927536278963089, 0.19420289993286133, 0.19565217196941376, 0.19565217196941376, 0.21159420907497406, 0.208695650100708, 0.21159420907497406, 0.2492753565311432, 0.26231884956359863, 0.2550724744796753, 0.321739137172699, 0.37681159377098083, 0.3637681305408478, 0.43043479323387146, 0.39855071902275085, 0.4536231756210327, 0.3898550868034363, 0.4637681245803833, 0.5188405513763428, 0.5652173757553101, 0.4681159555912018, 0.4985507130622864, 0.5101449489593506, 0.5144927501678467, 0.5695652365684509, 0.4942029118537903, 0.5782608985900879, 0.5159420371055603, 0.6028985381126404, 0.5362318754196167, 0.5623188614845276, 0.5753623247146606, 0.6217391490936279, 0.5173913240432739, 0.4942029118537903, 0.5289855003356934], "loss": [1.4514996383501135, 0.9405897078306779, 0.6211516585039056, 0.4705522941506427, 0.3429074831630873, 0.3006095296662787, 0.2872479240531507, 0.2531028184229913, 0.20653019748304202, 0.21814068763152414, 0.15321002463283745, 0.18781081336024014, 0.16018925882551982, 0.12540631044818007, 0.16780276280706344, 0.1395267650647008, 0.11663609127635541, 0.11078957962277143, 0.11638481477680414, 0.11711454221411892, 0.1312051016189482, 0.09544564645899378, 0.15563848647086517, 0.0846347490163601, 0.10579936967595764, 0.09888522739967574, 0.08974930891038282, 0.08633076727552258, 0.079619567497107, 0.08039989200947077, 0.06853366104642981, 0.07940972713834565, 0.0662923049910561, 0.07889431785873097, 0.06134563348377529, 0.07809311036101502, 0.08845232192264951, 0.04926927383665158, 0.07085586399973734, 0.0937515249799775, 0.06091235701561622, 0.06807414446350026, 0.07494870184556297, 0.05090498777470835, 0.05077678730468387, 0.04604936324302917, 0.05455776146086662, 0.05137003567474692, 0.05201167514061798, 0.05266309308859965], "val_loss": [1.5805389881134033, 1.5531818866729736, 1.539613962173462, 2.1068131923675537, 2.216109037399292, 2.7124288082122803, 3.0421338081359863, 4.728745937347412, 3.859583616256714, 4.489567279815674, 6.287527084350586, 5.033240795135498, 6.142133712768555, 5.233709335327148, 6.1075310707092285, 6.823332786560059, 6.122777462005615, 7.166890621185303, 8.778757095336914, 7.488246440887451, 7.497354984283447, 6.0638933181762695, 6.494640827178955, 5.659741401672363, 5.793257713317871, 5.450234889984131, 4.30756139755249, 3.1955060958862305, 3.4679648876190186, 3.535820484161377, 4.0506157875061035, 3.154439687728882, 2.303663730621338, 3.524636745452881, 3.200897216796875, 3.813222646713257, 1.93007230758667, 2.424673557281494, 2.9866440296173096, 3.3378398418426514, 3.3561487197875977, 3.2346932888031006, 3.330578088760376, 2.913851261138916, 2.9475622177124023, 2.2426657676696777, 2.129668951034546, 4.123395919799805, 2.4619457721710205, 2.9698452949523926], "score": [3.2001688480377197, 0.5175438523292542], "model_summary": "Model: \"sequential_1\"\n_________________________________________________________________\nLayer (type)                 Output Shape              Param #   \n=================================================================\ndropout_1 (Dropout)          (None, 60, 25, 3)         0         \n_________________________________________________________________\nconv2d_1 (Conv2D)            (None, 58, 23, 512)       14336     \n_________________________________________________________________\nbatch_normalization_1 (Batch (None, 58, 23, 512)       2048      \n_________________________________________________________________\nconv2d_2 (Conv2D)            (None, 56, 21, 256)       1179904   \n_________________________________________________________________\nbatch_normalization_2 (Batch (None, 56, 21, 256)       1024      \n_________________________________________________________________\nflatten_1 (Flatten)          (None, 301056)            0         \n_________________________________________________________________\ndense_1 (Dense)              (None, 128)               38535296  \n_________________________________________________________________\ndense_2 (Dense)              (None, 128)               16512     \n_________________________________________________________________\ndropout_2 (Dropout)          (None, 128)               0         \n_________________________________________________________________\ndense_3 (Dense)              (None, 64)                8256      \n_________________________________________________________________\ndense_4 (Dense)              (None, 5)                 325       \n=================================================================\nTotal params: 39,757,701\nTrainable params: 39,756,165\nNon-trainable params: 1,536\n_________________________________________________________________\n"}