{"accuracy": [0.21014492213726044, 0.23623187839984894, 0.22753623127937317, 0.32608696818351746, 0.3579710125923157, 0.4376811683177948, 0.4797101318836212, 0.5275362133979797, 0.6028985381126404, 0.6492753624916077, 0.7565217614173889, 0.7260869741439819, 0.7768115997314453, 0.8231884241104126, 0.8304347991943359, 0.8608695864677429, 0.8289855122566223, 0.8420289754867554, 0.9101449251174927, 0.895652174949646, 0.9275362491607666, 0.904347836971283, 0.9014492630958557, 0.9405797123908997, 0.969565212726593, 0.9507246613502502, 0.9463768005371094, 0.9797101616859436, 0.947826087474823, 0.9710144996643066, 0.9652174115180969, 0.9507246613502502, 0.9681159257888794, 0.9753623008728027, 0.9753623008728027, 0.9231883883476257, 0.9739130139350891, 0.97826087474823, 0.9797101616859436, 0.9579710364341736, 0.9724637866020203, 0.9710144996643066, 0.9594202637672424, 0.97826087474823, 0.9811594486236572, 0.9130434989929199, 0.947826087474823, 0.9420289993286133, 0.9289855360984802, 0.9594202637672424], "val_accuracy": [0.18405796587467194, 0.18840579688549042, 0.36811593174934387, 0.2927536368370056, 0.4362318813800812, 0.5159420371055603, 0.4739130437374115, 0.5797101259231567, 0.6579710245132446, 0.699999988079071, 0.6724637746810913, 0.7275362610816956, 0.7666666507720947, 0.7898550629615784, 0.7623188495635986, 0.8318840861320496, 0.6884058117866516, 0.8362318873405457, 0.8173912763595581, 0.8637681007385254, 0.8246376514434814, 0.8449275493621826, 0.8695651888847351, 0.8999999761581421, 0.8971014618873596, 0.8623188138008118, 0.8999999761581421, 0.8840579986572266, 0.8884057998657227, 0.8898550868034363, 0.8913043737411499, 0.9072463512420654, 0.8942028880119324, 0.9057971239089966, 0.8507246375083923, 0.856521725654602, 0.895652174949646, 0.8840579986572266, 0.9101449251174927, 0.8999999761581421, 0.8768116235733032, 0.895652174949646, 0.9130434989929199, 0.873913049697876, 0.8999999761581421, 0.8405796885490417, 0.8695651888847351, 0.8971014618873596, 0.856521725654602, 0.8362318873405457], "loss": [1.7127008023469343, 1.5912850473238074, 1.5694475847741831, 1.4259991386662358, 1.3726321251496025, 1.3009420270505159, 1.3126367123230644, 1.1286592250284941, 1.0246934320615686, 0.891307760839877, 0.623453245214794, 0.6827642328065374, 0.674432630772176, 0.4798403473004051, 0.5474440455436707, 0.4115010849807573, 0.47589961083038995, 0.5270947865817858, 0.28190596029162407, 0.3130273365456125, 0.31452062920383783, 0.34908218195904855, 0.29924668760403345, 0.1792737908013489, 0.11782174614136634, 0.17414696506508018, 0.18486301957265192, 0.08352612060211274, 0.21459631348514688, 0.09508316502298998, 0.10571104348713087, 0.1724917463168664, 0.10592984189481838, 0.08107931989892993, 0.08748952405142557, 0.2939867710937624, 0.11384344424890436, 0.0517124658268269, 0.09396982166862985, 0.14033244667655748, 0.08196189187710053, 0.09672441736430577, 0.11884866284368478, 0.07709759080013179, 0.09036855081238014, 0.32525400396274484, 0.1943287168548483, 0.1516904279022761, 0.2895582525828934, 0.20848856906851995], "val_loss": [1.591553807258606, 1.5231554508209229, 1.4704086780548096, 1.4711072444915771, 1.2174466848373413, 1.0626435279846191, 1.1544150114059448, 1.0552854537963867, 1.1900324821472168, 0.7267062067985535, 1.2667292356491089, 0.44759324193000793, 1.114585041999817, 1.9626280069351196, 1.391068935394287, 0.11900024116039276, 0.9497309327125549, 0.8895553946495056, 0.5176075100898743, 0.42215681076049805, 0.7282846570014954, 0.8249679207801819, 0.41100555658340454, 0.1287895292043686, 0.11138368397951126, 0.9095274806022644, 0.08843033760786057, 1.4594603776931763, 0.1920505166053772, 0.34406471252441406, 0.09342067688703537, 0.4157019853591919, 0.8036795854568481, 2.043192148208618, 0.34466564655303955, 1.5020390748977661, 0.7723191380500793, 0.9935377836227417, 0.26570484042167664, 0.1734623908996582, 1.467819094657898, 1.4038923978805542, 2.228983163833618, 0.43718546628952026, 0.03731429576873779, 0.5148736238479614, 0.5311626195907593, 0.09961558878421783, 0.40991154313087463, 1.8166072368621826], "score": [0.37191063165664673, 0.821052610874176], "model_summary": "Model: \"sequential_1\"\n_________________________________________________________________\nLayer (type)                 Output Shape              Param #   \n=================================================================\nconv2d_1 (Conv2D)            (None, 62, 62, 96)        34944     \n_________________________________________________________________\nmax_pooling2d_1 (MaxPooling2 (None, 31, 31, 96)        0         \n_________________________________________________________________\nconv2d_2 (Conv2D)            (None, 21, 21, 256)       2973952   \n_________________________________________________________________\nmax_pooling2d_2 (MaxPooling2 (None, 10, 10, 256)       0         \n_________________________________________________________________\nconv2d_3 (Conv2D)            (None, 8, 8, 384)         885120    \n_________________________________________________________________\nconv2d_4 (Conv2D)            (None, 6, 6, 384)         1327488   \n_________________________________________________________________\nconv2d_5 (Conv2D)            (None, 4, 4, 256)         884992    \n_________________________________________________________________\nmax_pooling2d_3 (MaxPooling2 (None, 2, 2, 256)         0         \n_________________________________________________________________\nflatten_1 (Flatten)          (None, 1024)              0         \n_________________________________________________________________\ndense_1 (Dense)              (None, 4096)              4198400   \n_________________________________________________________________\ndropout_1 (Dropout)          (None, 4096)              0         \n_________________________________________________________________\ndense_2 (Dense)              (None, 4096)              16781312  \n_________________________________________________________________\ndropout_2 (Dropout)          (None, 4096)              0         \n_________________________________________________________________\ndense_3 (Dense)              (None, 1000)              4097000   \n_________________________________________________________________\ndropout_3 (Dropout)          (None, 1000)              0         \n_________________________________________________________________\ndense_4 (Dense)              (None, 5)                 5005      \n=================================================================\nTotal params: 31,188,213\nTrainable params: 31,188,213\nNon-trainable params: 0\n_________________________________________________________________\n"}