{"accuracy": [0.37809523940086365, 0.6752380728721619, 0.7885714173316956, 0.8790476322174072, 0.8390476107597351, 0.9104762077331543, 0.9200000166893005, 0.9209523797035217, 0.9238095283508301, 0.9057142734527588, 0.9123809337615967, 0.9047619104385376, 0.9419047832489014, 0.9609524011611938, 0.95333331823349, 0.961904764175415, 0.9819047451019287, 0.976190447807312, 0.9599999785423279, 0.939047634601593, 0.9638095498085022, 0.9742857217788696, 0.9857142567634583, 0.9866666793823242, 0.9685714244842529, 0.977142870426178, 0.9476190209388733, 0.9742857217788696, 0.9399999976158142, 0.9800000190734863, 0.9628571271896362, 0.9419047832489014, 0.939047634601593, 0.9676190614700317, 0.9742857217788696, 0.9609524011611938, 0.9590476155281067, 0.9790475964546204, 0.9666666388511658, 0.9876190423965454, 0.9838095307350159, 0.977142870426178, 0.9590476155281067, 0.9819047451019287, 0.9809523820877075, 0.9819047451019287, 0.9923809766769409, 0.9371428489685059, 0.9609524011611938, 0.9780952334403992], "val_accuracy": [0.5600000023841858, 0.7377777695655823, 0.855555534362793, 0.7644444704055786, 0.8644444346427917, 0.8866666555404663, 0.9333333373069763, 0.9422222375869751, 0.8955555558204651, 0.8311111330986023, 0.9733333587646484, 0.9755555391311646, 0.9244444370269775, 0.948888897895813, 0.9466666579246521, 0.9755555391311646, 0.9622222185134888, 0.9688888788223267, 0.9666666388511658, 0.9733333587646484, 0.9800000190734863, 0.9422222375869751, 0.9755555391311646, 0.95333331823349, 0.948888897895813, 0.9555555582046509, 0.9599999785423279, 0.9733333587646484, 0.9044444561004639, 0.9822221994400024, 0.8355555534362793, 0.9288889169692993, 0.9355555772781372, 0.9577777981758118, 0.948888897895813, 0.851111114025116, 0.9466666579246521, 0.9666666388511658, 0.9733333587646484, 0.9666666388511658, 0.9666666388511658, 0.9822221994400024, 0.9844444394111633, 0.9800000190734863, 0.9177777767181396, 0.9733333587646484, 0.9711111187934875, 0.9311110973358154, 0.9355555772781372, 0.9755555391311646], "loss": [1.5900450235321408, 0.8108767384574527, 0.5624550815139499, 0.3483095779305413, 0.3846963851579598, 0.22833337927503244, 0.22883370021979013, 0.23331705569511368, 0.2002995666559963, 0.25628917815075036, 0.25649797956326176, 0.23930989702542624, 0.15385815439124903, 0.10100548849662855, 0.11929239654203966, 0.09883350062937964, 0.052795209672435055, 0.06000700337989699, 0.10454761418735697, 0.19458160207917294, 0.09372180576125781, 0.07085133805161431, 0.04495849531875657, 0.045699033938858304, 0.06903243317113568, 0.07629695560206615, 0.14746631653092446, 0.06438549196658035, 0.20248168771199526, 0.07044306033778758, 0.09042657305309106, 0.16922456614806183, 0.16255652901738704, 0.08122154439444698, 0.06675527362607508, 0.11021519032129574, 0.11904297163709998, 0.05432524357456714, 0.106088045818199, 0.03561882149439216, 0.04157612796518065, 0.05772322833806919, 0.10314376266129936, 0.05080207626867507, 0.05068363635274138, 0.048138611912561045, 0.023100033506385183, 0.18705251515244267, 0.1226152223534882, 0.062249056468274264], "val_loss": [1.0144898891448975, 0.5833205580711365, 0.29470324516296387, 0.7523261904716492, 0.1661248654127121, 0.09556470811367035, 0.2575613856315613, 0.11414540559053421, 0.09249187260866165, 0.16191282868385315, 0.1081060990691185, 0.07973998785018921, 0.38109734654426575, 0.09446828812360764, 0.05029855668544769, 0.08671481907367706, 0.0880126953125, 0.04637264087796211, 0.04555593430995941, 0.05693390220403671, 0.1288137137889862, 0.29482442140579224, 0.14083528518676758, 0.031934164464473724, 0.19455617666244507, 0.04228144511580467, 0.04800272360444069, 0.014133917167782784, 0.31535765528678894, 0.4688972532749176, 1.6724820137023926, 0.20895493030548096, 0.07009834051132202, 0.1718379259109497, 0.12507644295692444, 0.35478729009628296, 0.39832398295402527, 0.02118360437452793, 0.02421390265226364, 0.00234656548127532, 0.038070112466812134, 0.013134920969605446, 0.013916785828769207, 0.022077057510614395, 0.005001433659344912, 0.04715831205248833, 0.07848696410655975, 0.08313309401273727, 0.2433508038520813, 0.08486603945493698], "score": [0.007233540993183851, 0.9755555391311646], "model_summary": "Model: \"sequential_1\"\n_________________________________________________________________\nLayer (type)                 Output Shape              Param #   \n=================================================================\ndropout_1 (Dropout)          (None, 4500)              0         \n_________________________________________________________________\ndense_1 (Dense)              (None, 512)               2304512   \n_________________________________________________________________\ndense_2 (Dense)              (None, 256)               131328    \n_________________________________________________________________\ndense_3 (Dense)              (None, 128)               32896     \n_________________________________________________________________\ndense_4 (Dense)              (None, 5)                 645       \n=================================================================\nTotal params: 2,469,381\nTrainable params: 2,469,381\nNon-trainable params: 0\n_________________________________________________________________\n"}