{"accuracy": [0.656000018119812, 0.8176000118255615, 0.9039999842643738, 0.9584000110626221, 0.9728000164031982, 0.9887999892234802, 0.9919999837875366, 0.9936000108718872, 0.9968000054359436, 0.9968000054359436, 0.9855999946594238, 0.9936000108718872, 0.9824000000953674, 0.9983999729156494, 1.0, 1.0, 1.0, 0.9968000054359436, 1.0, 1.0, 1.0, 1.0, 1.0, 1.0, 1.0, 1.0, 1.0, 1.0, 1.0, 1.0, 1.0, 1.0, 1.0, 1.0, 1.0, 1.0, 1.0, 1.0, 1.0, 1.0, 0.9824000000953674, 0.9664000272750854, 0.984000027179718, 0.9760000109672546, 0.9983999729156494, 0.995199978351593, 0.9983999729156494, 0.9983999729156494, 1.0, 1.0], "val_accuracy": [0.3840000033378601, 0.3720000088214874, 0.4000000059604645, 0.4560000002384186, 0.6240000128746033, 0.4359999895095825, 0.2840000092983246, 0.2919999957084656, 0.29600000381469727, 0.2919999957084656, 0.2720000147819519, 0.2720000147819519, 0.2879999876022339, 0.30000001192092896, 0.29600000381469727, 0.31200000643730164, 0.3240000009536743, 0.527999997138977, 0.6520000100135803, 0.7519999742507935, 0.7760000228881836, 0.7839999794960022, 0.8679999709129333, 0.9200000166893005, 0.9599999785423279, 0.9639999866485596, 0.9800000190734863, 0.9879999756813049, 0.9919999837875366, 0.9879999756813049, 0.9919999837875366, 0.9959999918937683, 0.9919999837875366, 0.9919999837875366, 0.9919999837875366, 0.9959999918937683, 0.9919999837875366, 0.9919999837875366, 0.9959999918937683, 0.9919999837875366, 0.8119999766349792, 0.7360000014305115, 0.7319999933242798, 0.9919999837875366, 0.9639999866485596, 0.9879999756813049, 0.9959999918937683, 0.9959999918937683, 0.9919999837875366, 0.9959999918937683], "loss": [1.2325686407089234, 0.44252114117145536, 0.26492051541805267, 0.15549909174442292, 0.09048018865287304, 0.07051274038851262, 0.042643352895975116, 0.034965764097869396, 0.02428650436922908, 0.01967346635647118, 0.03511862995103002, 0.020382580547593534, 0.05530741600785404, 0.015116620464250446, 0.010449670986272395, 0.006077831238508224, 0.0034612279757857325, 0.009625078393146396, 0.0037576154561247675, 0.002025761038530618, 0.0025429652514867484, 0.0014572237967513501, 0.0007475645723752678, 0.0009197163450880907, 0.0006979082632460631, 0.0007434931874740868, 0.00083555203222204, 0.0005053595040226355, 0.0007686930979252793, 0.0006485406006686389, 0.0003640728071331978, 0.0006369441367860418, 0.0004748367292631883, 0.0004645226107095368, 0.0004152540973154828, 0.0006907183909788728, 0.00034301671032153534, 0.0003378379221248906, 0.00041647516511147844, 0.0012218172551365569, 0.04850254386983579, 0.10176539497449993, 0.03640715630026534, 0.06633188237959985, 0.00785996594640892, 0.010682923950953408, 0.006409843406872824, 0.0063142307207454, 0.000929108114214614, 0.00039193023243569767], "val_loss": [1.2389137744903564, 1.324960470199585, 1.066328763961792, 1.0223125219345093, 1.9516726732254028, 1.7233868837356567, 1.8731625080108643, 1.7712724208831787, 2.7477774620056152, 2.242896318435669, 2.6909520626068115, 2.3440639972686768, 2.3004956245422363, 2.4816746711730957, 3.206629753112793, 2.9079766273498535, 2.82966685295105, 1.0787932872772217, 0.8947830200195312, 0.8234953880310059, 0.8429882526397705, 0.7646200656890869, 0.31614482402801514, 0.155388742685318, 0.057883575558662415, 0.07134593278169632, 0.0813508927822113, 0.0022483966313302517, 0.0039610485546290874, 0.036118339747190475, 0.026745250448584557, 0.0029854862950742245, 0.019728999584913254, 0.0007967640995047987, 0.003340396797284484, 0.03425692394375801, 0.0013810436939820647, 0.00044759566662833095, 0.0005676451837643981, 0.00013613411283586174, 0.5664862990379333, 1.5561766624450684, 0.7796533107757568, 0.03519560024142265, 0.1642419993877411, 0.002180262701585889, 8.451174653600901e-05, 0.02822238765656948, 0.03748602792620659, 0.004035788122564554], "score": [0.0008470704196952283, 0.9959999918937683], "model_summary": "Model: \"model_1\"\n__________________________________________________________________________________________________\nLayer (type)                    Output Shape         Param #     Connected to                     \n==================================================================================================\njoints (InputLayer)             (None, 60, 25, 3)    0                                            \n__________________________________________________________________________________________________\njoints_diff (InputLayer)        (None, 60, 25, 3)    0                                            \n__________________________________________________________________________________________________\nconv2d_1 (Conv2D)               (None, 60, 25, 64)   256         joints[0][0]                     \n__________________________________________________________________________________________________\nconv2d_3 (Conv2D)               (None, 60, 25, 64)   256         joints_diff[0][0]                \n__________________________________________________________________________________________________\nbatch_normalization_1 (BatchNor (None, 60, 25, 64)   256         conv2d_1[0][0]                   \n__________________________________________________________________________________________________\nbatch_normalization_3 (BatchNor (None, 60, 25, 64)   256         conv2d_3[0][0]                   \n__________________________________________________________________________________________________\nleaky_re_lu_1 (LeakyReLU)       (None, 60, 25, 64)   0           batch_normalization_1[0][0]      \n__________________________________________________________________________________________________\nleaky_re_lu_3 (LeakyReLU)       (None, 60, 25, 64)   0           batch_normalization_3[0][0]      \n__________________________________________________________________________________________________\nconv2d_2 (Conv2D)               (None, 60, 25, 64)   12352       leaky_re_lu_1[0][0]              \n__________________________________________________________________________________________________\nconv2d_4 (Conv2D)               (None, 60, 25, 64)   12352       leaky_re_lu_3[0][0]              \n__________________________________________________________________________________________________\nbatch_normalization_2 (BatchNor (None, 60, 25, 64)   256         conv2d_2[0][0]                   \n__________________________________________________________________________________________________\nbatch_normalization_4 (BatchNor (None, 60, 25, 64)   256         conv2d_4[0][0]                   \n__________________________________________________________________________________________________\nleaky_re_lu_2 (LeakyReLU)       (None, 60, 25, 64)   0           batch_normalization_2[0][0]      \n__________________________________________________________________________________________________\nleaky_re_lu_4 (LeakyReLU)       (None, 60, 25, 64)   0           batch_normalization_4[0][0]      \n__________________________________________________________________________________________________\ndropout_1 (Dropout)             (None, 60, 25, 64)   0           leaky_re_lu_2[0][0]              \n__________________________________________________________________________________________________\ndropout_2 (Dropout)             (None, 60, 25, 64)   0           leaky_re_lu_4[0][0]              \n__________________________________________________________________________________________________\nconcatenate_1 (Concatenate)     (None, 60, 25, 128)  0           dropout_1[0][0]                  \n                                                                 dropout_2[0][0]                  \n__________________________________________________________________________________________________\nconv2d_5 (Conv2D)               (None, 60, 25, 32)   4128        concatenate_1[0][0]              \n__________________________________________________________________________________________________\nbatch_normalization_5 (BatchNor (None, 60, 25, 32)   128         conv2d_5[0][0]                   