{"accuracy": [0.41119998693466187, 0.6191999912261963, 0.7088000178337097, 0.8655999898910522, 0.8575999736785889, 0.9455999732017517, 0.9088000059127808, 0.9327999949455261, 0.9567999839782715, 0.9232000112533569, 0.9503999948501587, 0.9616000056266785, 0.9824000000953674, 0.9855999946594238, 0.9679999947547913, 0.9664000272750854, 0.9631999731063843, 0.9855999946594238, 0.9807999730110168, 0.9728000164031982, 0.9919999837875366, 0.9887999892234802, 0.984000027179718, 0.9904000163078308, 0.9887999892234802, 0.9983999729156494, 0.984000027179718, 0.9968000054359436, 0.9616000056266785, 0.9455999732017517, 0.9887999892234802, 0.9887999892234802, 0.995199978351593, 0.9584000110626221, 0.995199978351593, 0.984000027179718, 0.9455999732017517, 0.9503999948501587, 0.9696000218391418, 0.9711999893188477, 0.9440000057220459, 0.9631999731063843, 0.9807999730110168, 0.9936000108718872, 0.9968000054359436, 0.9775999784469604, 0.9887999892234802, 0.979200005531311, 0.9775999784469604, 0.9696000218391418], "val_accuracy": [0.492000013589859, 0.6520000100135803, 0.7839999794960022, 0.8519999980926514, 0.9399999976158142, 0.9760000109672546, 0.9319999814033508, 0.9440000057220459, 0.7239999771118164, 0.8840000033378601, 0.9760000109672546, 0.9800000190734863, 0.9879999756813049, 0.9760000109672546, 0.9520000219345093, 0.8960000276565552, 0.9760000109672546, 0.9919999837875366, 0.9639999866485596, 0.9639999866485596, 0.9679999947547913, 0.972000002861023, 0.984000027179718, 0.9959999918937683, 0.9959999918937683, 0.984000027179718, 0.9760000109672546, 0.9919999837875366, 0.9520000219345093, 0.9879999756813049, 0.9879999756813049, 0.9760000109672546, 0.984000027179718, 0.9760000109672546, 0.984000027179718, 0.9279999732971191, 0.9480000138282776, 1.0, 0.972000002861023, 0.9039999842643738, 0.8479999899864197, 0.984000027179718, 0.9879999756813049, 0.9800000190734863, 0.8960000276565552, 0.9879999756813049, 0.9240000247955322, 0.984000027179718, 0.9559999704360962, 0.9399999976158142], "loss": [1.425105493068695, 0.7990868663787842, 0.6710086989402771, 0.3954520243406296, 0.3559679925441742, 0.18123381480574607, 0.2215007382631302, 0.17417806975543498, 0.1637777316570282, 0.18953024722635747, 0.1397777009010315, 0.10137793514877558, 0.06913544457405806, 0.049718976989388465, 0.09368162516504526, 0.08949160940945149, 0.08654058415442706, 0.05057016678154468, 0.042089046826586124, 0.0609625187702477, 0.030677878484129905, 0.045535149313509465, 0.042236360413953664, 0.030333010712638497, 0.03482369277626276, 0.012987250289879739, 0.04365619836607948, 0.016904827496036886, 0.13852200007997453, 0.12578387187793852, 0.03177564685232937, 0.02579537285026163, 0.013050322096096351, 0.12021080730482936, 0.018247347369324415, 0.04367628557258286, 0.15563602203503252, 0.11733616501092911, 0.07499459424987436, 0.07245645765215158, 0.13679776847362518, 0.08963865291327239, 0.052105745342560114, 0.021147087782155724, 0.014208462539827452, 0.051149834850803017, 0.017421656330116095, 0.04608857442857697, 0.06784935734001919, 0.06343785423319787], "val_loss": [1.2707514762878418, 0.5827537775039673, 0.470319926738739, 0.2775017321109772, 0.21109914779663086, 0.12560462951660156, 0.15589752793312073, 0.13981252908706665, 0.6164019107818604, 0.2009621411561966, 0.08391869813203812, 0.028989963233470917, 0.01689290627837181, 0.01528833620250225, 0.18982303142547607, 0.13490481674671173, 0.030254773795604706, 0.036722756922245026, 0.006550943944603205, 0.02794579789042473, 0.13970276713371277, 0.05134672671556473, 0.013864696957170963, 0.007071594707667828, 0.004090045113116503, 0.01271047256886959, 0.045992303639650345, 0.13688303530216217, 0.1412104219198227, 0.3905545771121979, 0.007393666077405214, 0.04682052507996559, 0.05286058038473129, 0.039562877267599106, 0.06331456452608109, 0.09628421813249588, 0.14216573536396027, 0.049004457890987396, 0.1591770499944687, 0.12265229225158691, 0.46237513422966003, 0.132130429148674, 0.00829140655696392, 0.0637424886226654, 0.06900304555892944, 0.0036455639638006687, 0.18882527947425842, 0.29083237051963806, 0.11982590705156326, 0.005535991862416267], "score": [0.07408969104290009, 0.9359999895095825], "model_summary": "Model: \"sequential_1\"\n_________________________________________________________________\nLayer (type)                 Output Shape              Param #   \n=================================================================\ndropout_1 (Dropout)          (None, 4500)              0         \n_________________________________________________________________\ndense_1 (Dense)              (None, 512)               2304512   \n_________________________________________________________________\ndense_2 (Dense)              (None, 256)               131328    \n_________________________________________________________________\ndense_3 (Dense)              (None, 128)               32896     \n_________________________________________________________________\ndense_4 (Dense)              (None, 3)                 387       \n=================================================================\nTotal params: 2,469,123\nTrainable params: 2,469,123\nNon-trainable params: 0\n_________________________________________________________________\n"}